{
  "POST Register a new player" : {
    "transaction" : "POST Register a new player",
    "sampleCount" : 894,
    "errorCount" : 0,
    "errorPct" : 0.0,
    "meanResTime" : 185.19127516778545,
    "medianResTime" : 171.5,
    "minResTime" : 43.0,
    "maxResTime" : 915.0,
    "pct1ResTime" : 198.0,
    "pct2ResTime" : 284.0,
    "pct3ResTime" : 495.8999999999992,
    "throughput" : 0.9975863765855095,
    "receivedKBytesPerSec" : 0.49099954472568047,
    "sentKBytesPerSec" : 0.7696223022485864
  },
  "GET GetAll" : {
    "transaction" : "GET GetAll",
    "sampleCount" : 2682,
    "errorCount" : 0,
    "errorPct" : 0.0,
    "meanResTime" : 377.5555555555559,
    "medianResTime" : 358.5,
    "minResTime" : 35.0,
    "maxResTime" : 1070.0,
    "pct1ResTime" : 566.7000000000003,
    "pct2ResTime" : 622.8499999999999,
    "pct3ResTime" : 811.5300000000007,
    "throughput" : 2.991150343781541,
    "receivedKBytesPerSec" : 222.01523086582483,
    "sentKBytesPerSec" : 1.556917122300353
  },
  "Total" : {
    "transaction" : "Total",
    "sampleCount" : 9000,
    "errorCount" : 6,
    "errorPct" : 0.06666667,
    "meanResTime" : 233.52388888888908,
    "medianResTime" : 170.0,
    "minResTime" : 35.0,
    "maxResTime" : 1070.0,
    "pct1ResTime" : 445.0,
    "pct2ResTime" : 526.0,
    "pct3ResTime" : 659.9899999999998,
    "throughput" : 10.007182933527844,
    "receivedKBytesPerSec" : 224.41538050332517,
    "sentKBytesPerSec" : 5.840220626416294
  },
  "POST GetOne" : {
    "transaction" : "POST GetOne",
    "sampleCount" : 5382,
    "errorCount" : 6,
    "errorPct" : 0.11148272,
    "meanResTime" : 170.29375696767025,
    "medianResTime" : 165.0,
    "minResTime" : 35.0,
    "maxResTime" : 753.0,
    "pct1ResTime" : 180.0,
    "pct2ResTime" : 201.0,
    "pct3ResTime" : 381.0,
    "throughput" : 5.991897244862855,
    "receivedKBytesPerSec" : 2.5331873362721313,
    "sentKBytesPerSec" : 3.5107337777899006
  },
  "POST Get a guest token" : {
    "transaction" : "POST Get a guest token",
    "sampleCount" : 42,
    "errorCount" : 0,
    "errorPct" : 0.0,
    "meanResTime" : 167.35714285714292,
    "medianResTime" : 167.0,
    "minResTime" : 150.0,
    "maxResTime" : 187.0,
    "pct1ResTime" : 183.7,
    "pct2ResTime" : 187.0,
    "pct3ResTime" : 187.0,
    "throughput" : 0.06997119519131291,
    "receivedKBytesPerSec" : 0.07441272613607398,
    "sentKBytesPerSec" : 0.02220765472380537
  }
}